{
  "accuracy": 0.8268156424581006,
  "inference_time": 0.006239652633666992
}